{"T1": 1.6764047398755793, "T2": 1.6766583273711149}