{"p1_coeffs": {"x": [-1.0, -4.61371168734301e-14, 0.0, 2.3429362289602383e-14, 0.5650643981429113, -0.4064955483700444, 0.10153531275644426, -0.0086952861557891], "y": [1.0, 5.929133532741741e-14, 0.0, -3.557687406314218e-14, -3.6164626542968326, 3.902455162912319, -1.4296821448173587, 0.17809433182952789], "z": [0.5, -2.5410668483279196e-14, 0.0, 2.7485317096506673e-14, -2.0331411231371375, 5.0387765446605615, -3.361939643140131, 0.6843528346360808]}, "p2_coeffs": {"x": [0.0, 1.3113835105606408, 0.0, -0.4712952168492922, 3.507368260713406e-06, 0.10162033891418032, 3.7815163466681234e-06, -0.008696797475569965], "y": [-1.0, 1.3023460669481198e-05, 3.0188574047677914, -1.4041418173987059e-05, -1.8082341330168354, 5.046312769430017e-06, 0.649857262157906, -0.178095540885639], "z": [2.0, 7.321533552012024e-06, -4.905, -7.89380942902872e-06, 10.84709291825326, -11.379409708217803, 4.6289867006728755, -0.6843535143440154]}}