{"T1": 1.6680882265442052, "T2": 1.6680830497003627}