{"p1_coeffs": {"x": [-1.0, -1.9301867558289095e-15, 0.0, 5.209017793025656e-16, 0.554190996663094, -0.3968944939705823, 0.09874036852987222, -0.008429533689022772], "y": [1.0, 1.1153338400645364e-14, 0.0, -1.5098762735044886e-14, -3.544410214352882, 3.80553488278254, -1.3871936774254463, 0.17193716007473514], "z": [0.5, -8.877560293836306e-15, 0.0, 2.2961786977593562e-14, -2.0785030495686394, 5.057849339824455, -3.342295188477698, 0.6754854921991765]}, "p2_coeffs": {"x": [0.0, 1.3047771805727768, 1.0925429829974084e-16, -0.46420834352336493, -0.00016752406126631673, 0.09939227047225477, -0.00017880308816999325, -0.008358433289338009], "y": [-1.0, -0.0006315422705978736, 2.988517654657761, 0.0006740625931998487, -1.7720710270899689, -0.00023981524067195892, 0.6304602133449153, -0.17188027974914877], "z": [2.0, -0.0003706665139162139, -4.905, 0.00039562264041885335, 10.805541953372309, -11.305014333240443, 4.584414377402994, -0.6754521078477846]}}