{"optimized_times": [0.5917448584097295, 0.699066826695743, 0.7304454766645867, 1.1550795150258637, 0.7048667249207885, 1.063245174178567, 0.5028182526506558], "total_time": 5.447266828545933, "time_proportions": [0.10863151687535139, 0.12833350168057553, 0.1340939409901402, 0.2120475371194906, 0.1293982371539053, 0.19518874467590272, 0.09230652150463421], "final_cost": 589.4186231367319, "optimization_iterations": 55, "optimization_time_seconds": 0.12802481651306152, "converged": true}