{"optimized_times": [0.5814363081737252, 0.6428885936038018, 0.6969860498989837, 0.9923695765467528, 0.6966592164942942, 0.8663376285754135, 0.5749312698843886], "total_time": 5.05160864317736, "time_proportions": [0.11509923852850434, 0.12726413287618374, 0.1379730891941371, 0.19644625042104855, 0.1379083903174474, 0.1714973763348589, 0.11381152232781999], "final_cost": 603.7696291021942, "optimization_iterations": 95, "optimization_time_seconds": 0.7635438442230225, "converged": true}