{
  "optimized_times": [
    1.0,
    1.0,
    1.0,
    1.0,
    1.0,
    1.0,
    1.0
  ],
  "total_time": 7.0,
  "time_proportions": [
    0.14285714285714285,
    0.14285714285714285,
    0.14285714285714285,
    0.14285714285714285,
    0.14285714285714285,
    0.14285714285714285,
    0.14285714285714285
  ]
}