{"optimized_times": [2.155748188981447, 3.4942493323212824, 3.6288892070569174, 2.3154173219375105, 1.496998665601385, 3.945761538147537, 1.333194173898003], "total_time": 18.370258427944083, "time_proportions": [0.11734991085929482, 0.19021231225609622, 0.19754154364735554, 0.12604163033522672, 0.08149034328903138, 0.21479074742603554, 0.07257351218695993], "final_cost": 1025.3618548457464, "optimization_iterations": 278, "optimization_time_seconds": 1.8576016426086426, "converged": true}