{
  "optimized_times": [
    1.0327210591422045,
    1.6086265307203576,
    1.6681755826321023,
    1.08239787121056,
    0.6966357934979897,
    1.8149011500790948,
    0.6244643602949509
  ],
  "total_time": 8.52792234757726,
  "time_proportions": [
    0.1210987878466782,
    0.18863053216911155,
    0.1956133645032571,
    0.12692398301657423,
    0.08168880591365849,
    0.21281867682515884,
    0.07322584972556159
  ],
  "final_cost": 1025.682251795297,
  "optimization_iterations": 102,
  "optimization_time_seconds": 0.7984299659729004,
  "converged": true
}