{
  "p1_coeffs": {
    "x": [
      18.2908,
      -0.7087500333530143,
      -0.16465961361363074,
      -4.755792790564368e-15,
      2.017845907537915e-15,
      0.0001525215903340092
    ],
    "y": [
      -12.9164,
      4.5963947596659,
      -0.6552214289146902,
      1.2896180242366716e-14,
      -4.599754292064222e-15,
      0.0007504318984492834
    ],
    "z": [
      0.5,
      -0.6689074979453385,
      0.375109152406145,
      2.1072568402718328e-16,
      8.960774499190067e-17,
      -0.001178734118586197
    ]
  },
  "p2_coeffs": {
    "x": [
      16.0048,
      -1.402209366738668,
      -0.14937954111677887,
      0.00708805999467142,
      0.0016439907107214254,
      -0.00016499484819924076
    ],
    "y": [
      -6.01777,
      1.8524450865227935,
      -0.5800409001308393,
      0.03487444830896478,
      0.008088711030154752,
      -0.0006845459846314346
    ],
    "z": [
      0.746351,
      0.8210890337233202,
      0.2570200166510926,
      -0.05477872432348585,
      -0.01270526970716461,
      0.002048127560301372
    ]
  },
  "p3_coeffs": {
    "x": [
      9.74278,
      -2.028946298306271,
      -0.025034039374024087,
      0.00992060843714581,
      -0.0012386749800671496,
      2.1596242510623343e-05
    ],
    "y": [
      -4.28989,
      -0.053610807410389615,
      0.08605260076791885,
      0.06434879302965384,
      -0.003871160718550284,
      -0.00018528255826957062
    ],
    "z": [
      3.58934,
      -0.030805340701842657,
      -0.37416936424063724,
      0.01771159130059046,
      0.02307807209329404,
      -0.0029043145872722615
    ]
  },
  "p4_coeffs": {
    "x": [
      2.32316,
      -2.036759710229662,
      -0.0045826588921467765,
      -0.005215474679939386,
      -0.0008468231232825168,
      1.2438894008532507e-05
    ],
    "y": [
      -1.06404,
      2.2124952931593844,
      0.39218112596371674,
      -0.016242818231863295,
      -0.007233010098334904,
      0.00034355986078154154
    ],
    "z": [
      1.57101,
      -0.1535837689404655,
      0.25419792817404885,
      -0.02976179213879997,
      -0.029619107204958976,
      0.005777792307978654
    ]
  },
  "p5_coeffs": {
    "x": [
      -2.50561,
      -2.182124127744512,
      -0.06650629303400059,
      -0.012391601709475189,
      -0.0007028169700289669,
      0.0007473420161145893
    ],
    "y": [
      5.7747,
      3.4576107469479305,
      0.08933775871407178,
      -0.064813780904769,
      -0.003255587834447993,
      0.0004443863833425046
    ],
    "z": [
      1.74195,
      -0.0954668024618651,
      -0.18807549449352565,
      0.0056723707461396175,
      0.037270894757293345,
      -0.007720859060267998
    ]
  },
  "p6_coeffs": {
    "x": [
      -5.96077,
      -2.4552177609045325,
      -0.10653533307719054,
      0.00014790600947465078,
      0.004891033034305073,
      -0.0004339263920653948
    ],
    "y": [
      10.9205,
      3.256815364473876,
      -0.23060721146567476,
      -0.07434950238893932,
      7.064127994122403e-05,
      0.0003506863308442774
    ],
    "z": [
      1.32572,
      -0.3141608281027808,
      0.07952671839464705,
      0.05582545166077085,
      -0.020519683795298133,
      0.0015494904060760805
    ]
  },
  "p7_coeffs": {
    "x": [
      -16.5275,
      -2.6130852768855117,
      0.08553909145189016,
      0.009785158105207034,
      -0.0036698173067901997,
      0.0005505300546237308
    ],
    "y": [
      15.9659,
      -1.5932953734173905,
      -0.888671972521004,
      -0.01863609331819804,
      0.00698926446083799,
      -0.0010484991005134212
    ],
    "z": [
      1.26184,
      -0.24342245220272854,
      -0.22460322808786734,
      -0.02679697477199189,
      0.010049914444797938,
      -0.0015076445189361107
    ]
  }
}