{
  "p1_coeffs": {
    "x": [
      1.0,
      4.592857842813853e-14,
      0.0,
      0.0,
      -5.795790097773111,
      8.20279339807578,
      -4.148596834717399,
      0.7415935344146859
    ],
    "y": [
      1.0,
      -1.7097347588639417e-14,
      0.0,
      0.0,
      3.4132295217952047,
      -5.018848251371087,
      2.564430590121814,
      -0.4588118605459168
    ],
    "z": [
      0.5,
      -2.798777731947385e-14,
      0.0,
      0.0,
      2.40251179121409,
      -3.1919135423811893,
      1.5656480412681875,
      -0.2762462901010622
    ]
  },
  "p2_coeffs": {
    "x": [
      0.0,
      -1.8696196681149666,
      0.5977050960668053,
      1.828610599831553,
      -1.0550019236430797,
      -1.1153233875167887,
      1.0425579061787673,
      -0.2289286228022816
    ],
    "y": [
      1.5,
      0.7335773472347967,
      -0.8776956025767549,
      -1.3053677432008923,
      0.7270319976437174,
      0.7326862178989448,
      -0.6472524336995482,
      0.13702021669974931
    ],
    "z": [
      1.0,
      1.1106436698520046,
      0.17948385037301354,
      -0.6647475871290457,
      0.25904454479102096,
      0.4008026131013923,
      -0.3680759894338285,
      0.08284889844542973
    ]
  },
  "p3_coeffs": {
    "x": [
      -0.8,
      -0.33215523118638296,
      -0.5688410076314695,
      -0.7059746444133786,
      0.9942479333740649,
      0.33252297070574577,
      -0.5599424534412609,
      0.14014243259267387
    ],
    "y": [
      1.0,
      -1.2907310927510078,
      0.06389337787336577,
      0.7802813368631705,
      -0.5226158338652429,
      -0.27340383360167453,
      0.31188908319382613,
      -0.06931303771244082
    ],
    "z": [
      2.0,
      0.887046206397105,
      -0.033778485407151344,
      -0.082351620037238,
      -0.35837078561832164,
      -0.06782645614340595,
      0.21186629968787052,
      -0.05658515887887865
    ]
  },
  "p4_coeffs": {
    "x": [
      -1.5000000000000728,
      -0.3268122851633231,
      1.1478066492574412,
      0.3023828680586811,
      -0.8372888739767115,
      -0.08414066550178728,
      0.4210545747094516,
      -0.12300226738365909
    ],
    "y": [
      2.3105355566076645e-14,
      -0.8934395947082366,
      -0.24223349479919687,
      -0.23239499067344865,
      0.36274492609825576,
      0.14235687360123248,
      -0.1733021807942179,
      0.03626846127559291
    ],
    "z": [
      2.5000000000000724,
      -0.3250793617440463,
      -1.1196164618010114,
      0.06274610905231803,
      0.5000108682263289,
      0.015083005536373956,
      -0.18422981246727307,
      0.05108565319720938
    ]
  },
  "p5_coeffs": {
    "x": [
      -1.0,
      0.7714023706828292,
      -0.07741363985991047,
      0.22783285289464872,
      0.7527470607296757,
      -0.14086083230765906,
      -0.43996129697130065,
      0.15625348483163046
    ],
    "y": [
      -1.0,
      -0.698261339764008,
      0.8227248006563929,
      0.44550597849315776,
      -0.2556072731680961,
      -0.13581852437717182,
      0.08057704813330246,
      -0.00912068997362498
    ],
    "z": [
      1.5,
      -1.0483947600249641,
      0.5288686602103342,
      0.317021249878812,
      -0.40002342920257616,
      -0.017497152122854187,
      0.17336975990953288,
      -0.053344328648273
    ]
  },
  "p6_coeffs": {
    "x": [
      0.25,
      2.0607643430209794,
      0.395862687020191,
      -1.5001411975821168,
      -1.0821045862695575,
      0.5006945673190556,
      0.6538130968473176,
      -0.2788889103558682
    ],
    "y": [
      -0.75,
      1.001801941454441,
      0.28453508590887583,
      -0.642791544361882,
      -0.04526832212811475,
      0.15610927496826602,
      0.01673221831748854,
      -0.021118654159075198
    ],
    "z": [
      1.0,
      -0.06036490847316155,
      0.38513581043199646,
      0.14229970734102756,
      0.2459857061399808,
      -0.09750949428371378,
      -0.20004054062691182,
      0.08449371947077879
    ]
  },
  "p7_coeffs": {
    "x": [
      1.0,
      -1.5022231755750115,
      -1.639713414916214,
      2.4935362050213903,
      1.467452840576525,
      -1.4330939690706799,
      -1.2984092756426289,
      0.9124507896066246
    ],
    "y": [
      0.0,
      0.19453329730684316,
      -0.546865192840925,
      0.33271938759065767,
      0.24710843190977363,
      -0.18698915246665973,
      -0.1310983607950664,
      0.09059158929537639
    ],
    "z": [
      1.5,
      1.0244139800892136,
      0.08661422594052394,
      -0.8923830419970734,
      -0.2848896932010574,
      0.4766153708422114,
      0.39141549566913303,
      -0.3017863373429564
    ]
  }
}