{
  "p1_coeffs": {
    "x": [
      18.2908,
      -1.3910015315579052,
      -0.8041424165415835,
      2.9251612416450985e-13,
      -1.1671866606592576e-13,
      0.006933655651048096
    ],
    "y": [
      -12.9164,
      9.645204814806945,
      -2.906245629200545,
      -8.459144629765941e-13,
      3.3236866900994586e-13,
      0.03181493697367668
    ],
    "z": [
      0.5,
      -1.521470371874642,
      1.7625155653878266,
      -4.390957077839022e-14,
      8.76997403323621e-15,
      -0.052899958198599155
    ]
  },
  "p2_coeffs": {
    "x": [
      16.0048,
      -3.012477731227381,
      -0.7277744250010576,
      0.0739483240550188,
      0.0358026610383112,
      -0.007462026614794782
    ],
    "y": [
      -6.01777,
      3.823462110550858,
      -2.5558326638137716,
      0.3393103706815505,
      0.1642797770406123,
      -0.029839404145063354
    ],
    "z": [
      0.746351,
      1.8180483499918805,
      1.1798700226171783,
      -0.5641848179744325,
      -0.2731545042972173,
      0.09681564946768595
    ]
  },
  "p3_coeffs": {
    "x": [
      9.74278,
      -4.433550374325672,
      -0.12564892084793294,
      0.11122744650551608,
      -0.024215408889321312,
      -0.00021979290843437567
    ],
    "y": [
      -4.28989,
      -0.02892457979694667,
      0.39016071390414553,
      0.6242215130331772,
      -0.07572250880253607,
      -0.009522465693687065
    ],
    "z": [
      3.58934,
      -0.07251288278144728,
      -1.7537780219161496,
      0.18347938691738216,
      0.5055466073159929,
      -0.13807080561805019
    ]
  },
  "p4_coeffs": {
    "x": [
      2.3231599999999997,
      -4.3823478046833175,
      0.01646729092540827,
      -0.0564711873647014,
      -0.02604867470467225,
      0.0018497074464278859
    ],
    "y": [
      -1.0640399999999999,
      4.709265684127376,
      1.8077125856431933,
      -0.1460443540232129,
      -0.1551482325858995,
      0.014613778487891672
    ],
    "z": [
      1.5710099999999998,
      -0.35066519076267044,
      1.19594563280677,
      -0.28540646271062214,
      -0.646085125715891,
      0.26795310878097034
    ]
  },
  "p5_coeffs": {
    "x": [
      -2.50561,
      -4.664618760405169,
      -0.32655849742114557,
      -0.14758040976612025,
      -0.01603807769323288,
      0.03980428551234814
    ],
    "y": [
      5.7747,
      7.422592127215188,
      0.4281825323285425,
      -0.6465599618648199,
      -0.07605861895688174,
      0.02230820707153482
    ],
    "z": [
      1.74195,
      -0.2031003181843975,
      -0.8745164730613757,
      0.05660771423825189,
      0.8040742469279226,
      -0.35869061563220306
    ]
  },
  "p6_coeffs": {
    "x": [
      -5.96077,
      -5.309281870182784,
      -0.5471180270566426,
      0.0008995606219045574,
      0.12260737241877073,
      -0.023583907653372888
    ],
    "y": [
      10.9205,
      7.0012520385400645,
      -1.0691168251375642,
      -0.750238539688333,
      0.0016448587180609054,
      0.016629969177751502
    ],
    "z": [
      1.32572,
      -0.674153036738639,
      0.3724433916864874,
      0.5564646358258941,
      -0.4453093612782663,
      0.07301363377426352
    ]
  },
  "p7_coeffs": {
    "x": [
      -16.5275,
      -5.633889641358123,
      0.4710376885870435,
      0.11415824627480131,
      -0.09140493320091178,
      0.02927466770425581
    ],
    "y": [
      15.9659,
      -3.3515158264947114,
      -4.127289060320443,
      -0.19052858452257032,
      0.15255360964792652,
      -0.04885902842313545
    ],
    "z": [
      1.26184,
      -0.5109814587909596,
      -1.0337230193108091,
      -0.27133385886576933,
      0.2172532782630294,
      -0.0695806813249584
    ]
  }
}