{
  "p1_coeffs": {
    "x": [
      1.0,
      -2.0594087315076495,
      0.6386322520123761,
      7.605528438992326e-14,
      2.945003641186545e-14,
      -0.06863958784190288
    ],
    "y": [
      1.0,
      1.705865274178187,
      -1.471055557370062,
      8.545637176761191e-15,
      -3.757729305765574e-14,
      0.07815658382029031
    ],
    "z": [
      0.5,
      0.38430067844955695,
      0.7998476926078856,
      -6.19500872809254e-14,
      2.6250718860379137e-15,
      -0.10315087928102833
    ]
  },
  "p2_coeffs": {
    "x": [
      0.0,
      -1.345674698209171,
      0.4964065302695666,
      -0.24034973810302657,
      -0.20308561594431457,
      0.17212954867369176
    ],
    "y": [
      1.5,
      0.01280137561906671,
      -1.3091099966186392,
      0.27367463941574793,
      0.23124378313247046,
      -0.10731122334409673
    ],
    "z": [
      1.0,
      1.2676737921724395,
      0.5861123145929734,
      -0.36119515865247054,
      -0.30519501227461315,
      0.14174052764709524
    ]
  },
  "p3_coeffs": {
    "x": [
      -0.8000000000000036,
      -1.0759835376598006,
      -0.01508962379977047,
      0.032956107184931895,
      0.3985646709147076,
      -0.15536887063022078
    ],
    "y": [
      0.9999999999999956,
      -1.2284217753663211,
      -0.4237215212933203,
      0.3958701007848046,
      -0.14384479872775194,
      0.04827771883961393
    ],
    "z": [
      2.000000000000004,
      1.309793748550669,
      -0.5820407035012055,
      -0.5219239325757644,
      0.1902354921081023,
      0.014758720709797273
    ]
  },
  "p4_coeffs": {
    "x": [
      -1.4999999999999998,
      -0.6450958796803734,
      0.727536290491864,
      0.3685036185682358,
      -0.1688777729172645,
      0.0034851414760449667
    ],
    "y": [
      7.803976100147481e-17,
      -1.3693072472219117,
      0.171424754270827,
      0.23317302631683876,
      0.03247640802231698,
      -0.03123097835478676
    ],
    "z": [
      2.4999999999999996,
      -0.05835381479132393,
      -1.0592309654427998,
      0.11264792833982307,
      0.2441376960275005,
      -0.06203656685105133
    ]
  },
  "p5_coeffs": {
    "x": [
      -1.0,
      1.500588853266423,
      0.7062901965444113,
      -0.3652663452973887,
      -0.14874969528735527,
      0.03454033157713251
    ],
    "y": [
      -1.0,
      -0.11775790255198734,
      0.7581007919878997,
      -0.0334620651128186,
      -0.14789490863684082,
      0.026305487141869175
    ],
    "z": [
      1.5,
      -1.1016395664013365,
      0.32944863198444185,
      0.4129444710046245,
      -0.11414814173349143,
      -0.02075281652063407
    ]
  },
  "p6_coeffs": {
    "x": [
      0.25,
      1.7860961405285813,
      -0.3885666824882785,
      -0.6130520057949623,
      -0.027018043305540997,
      0.04535014706456069
    ],
    "y": [
      -0.75,
      0.7263802041800703,
      0.33858669052535967,
      -0.3197514452156952,
      -0.05518559579126516,
      0.03663130935989436
    ],
    "z": [
      1.0,
      -0.20722078863247678,
      0.7897057113534441,
      -0.012000128021694617,
      -0.1872879908022093,
      0.05986849810233175
    ]
  },
  "p7_coeffs": {
    "x": [
      0.9999999999999991,
      -0.9594473657815323,
      -1.9821987705796251,
      -0.21528020864734806,
      0.2140735817678718,
      -0.08514948717093397
    ],
    "y": [
      1.9972559568404256e-16,
      0.33069962781286,
      -0.6153524639567141,
      -0.14034131962434457,
      0.139554718712492,
      -0.055509010652183825
    ],
    "z": [
      1.5000000000000004,
      0.9134729558798786,
      0.20067731113626364,
      -0.13172477357979817,
      0.13098646766090546,
      -0.05210091995303513
    ]
  }
}