{
  "p1_coeffs": {
    "x": [
      1.0,
      -2.0576264527844628,
      0.5956469426955725,
      -4.261514347452403e-13,
      1.1871999254408469e-12,
      -0.07509960520555302
    ],
    "y": [
      1.0,
      1.8063549662037328,
      -1.6484055318670476,
      2.0243808938310428e-13,
      -5.459816442257682e-13,
      0.10523464761707815
    ],
    "z": [
      0.5,
      0.3064806601967065,
      0.9789587401081112,
      2.31498726233166e-13,
      -6.205343372482613e-13,
      -0.13774945879118458
    ]
  },
  "p2_coeffs": {
    "x": [
      0.0,
      -1.407880639044561,
      0.4480273175412165,
      -0.25388786885055986,
      -0.21832818597856307,
      0.2248580486111112
    ],
    "y": [
      1.5,
      -0.05039429826179915,
      -1.4415509260128105,
      0.3557648584144722,
      0.30593622501159673,
      -0.16929130513362817
    ],
    "z": [
      1.0,
      1.3661679781919827,
      0.70819135835415,
      -0.4656870889340043,
      -0.4004626838632447,
      0.19260580573670313
    ]
  },
  "p3_coeffs": {
    "x": [
      -0.800000000000004,
      -1.1866117123457676,
      0.014414018349448186,
      0.11402055971276365,
      0.5044651871814532,
      -0.22863132941451736
    ],
    "y": [
      0.9999999999999941,
      -1.2822210002598577,
      -0.44655138566472546,
      0.4428058082877669,
      -0.23824102032245414,
      0.10283161055390054
    ],
    "z": [
      2.0000000000000027,
      1.4382099854818924,
      -0.6712725425935029,
      -0.6994477974378256,
      0.2186576939873033,
      0.054160972389259675
    ]
  },
  "p4_coeffs": {
    "x": [
      -1.5000000000000053,
      -0.5868996943360255,
      0.9490902607353328,
      0.4097742373096334,
      -0.2922990486770299,
      0.03197504483666461
    ],
    "y": [
      -9.676442173598636e-15,
      -1.4606956587433326,
      0.13310308526491826,
      0.27814835960165196,
      0.1201199699015761,
      -0.0725819593988305
    ],
    "z": [
      2.499999999999998,
      -0.15683090806205477,
      -1.313076026583463,
      0.1732659982893943,
      0.4074049050084174,
      -0.12021050317140657
    ]
  },
  "p5_coeffs": {
    "x": [
      -1.0,
      1.5198463036283598,
      0.7543873653345664,
      -0.43561109266112125,
      -0.13364374015401898,
      0.023281174272101517
    ],
    "y": [
      -1.0,
      -0.2571559434093015,
      0.9616128641421674,
      0.040176742326059306,
      -0.24002067166609448,
      0.03290110131420958
    ],
    "z": [
      1.5,
      -1.2413654095533233,
      0.435226620954317,
      0.6066210490985152,
      -0.18906132563483033,
      -0.04262432194302502
    ]
  },
  "p6_coeffs": {
    "x": [
      0.25,
      1.7833702752040563,
      -0.4664846909371785,
      -0.6950361966580471,
      -0.052548517017011444,
      0.07508727105598076
    ],
    "y": [
      -0.75,
      0.855307635165752,
      0.45788282890331383,
      -0.4689934578505407,
      -0.12541639434932975,
      0.0839176242467486
    ],
    "z": [
      1.0,
      -0.05761112483651784,
      1.00838550759717,
      -0.12709456475262315,
      -0.3375344592767709,
      0.13493942218000154
    ]
  },
  "p7_coeffs": {
    "x": [
      1.0000000000000024,
      -0.5150405619007811,
      -2.021297771051806,
      -0.3135745571569193,
      0.2727061246978895,
      -0.09486564359296204
    ],
    "y": [
      1.8359195060580587e-17,
      0.5028385510430977,
      -0.7801673053931998,
      -0.273769143403787,
      0.23808858357872273,
      -0.08282332029934514
    ],
    "z": [
      1.499999999999999,
      0.9056001453895499,
      0.03547017787738094,
      -0.2839942410837287,
      0.24698103578666566,
      -0.08591671691018124
    ]
  }
}