{
    "p1_coeffs": [
        -1.0,
        -1.776356839400254e-16,
        -1.7763568394002506e-16,
        0.019999999999999893,
        -0.002999999999999947,
        0.00011999999999999511
    ],
    "p2_coeffs": [
        0.0,
        0.375000000000001,
        -2.664535259100376e-16,
        -0.009999999999999964,
        -6.938893903907228e-18,
        0.00012000000000000053
    ]
}