{
    "p1_coeffs": [
        -1.0,
        3.804278796223799e-15,
        -1.6715146596414986e-16,
        1.0299055571164976e-18,
        0.00029881838672201743,
        -3.259836946055449e-05,
        1.234786721988291e-06,
        -1.6036191194587427e-08
    ],
    "p2_coeffs": [
        0.0,
        0.19886363636363857,
        -3.677321730264168e-15,
        -0.0016435011269719196,
        1.6479873021779667e-16,
        8.149592365117183e-06,
        2.425902360936316e-18,
        -1.6036191194769327e-08
    ]
}