{
    "p1_coeffs": [
        1.0,
        -4.914587255674027e-16,
        1.3618735768735262e-16,
        -0.1066666666666666,
        0.026666666666666627,
        -0.0017066666666666623
    ],
    "p2_coeffs": [
        -1.0,
        1.2149540632814628e-15,
        0.26666666666666716,
        -3.419486915845481e-16,
        -0.015999999999999938,
        0.0017066666666666628
    ]
}