{
    "p1_coeffs": [
        1.0,
        0.0,
        0.0,
        0.0,
        -0.0019124376750222437,
        0.0003129443468218258,
        -1.7385797045657323e-05,
        3.284211956676799e-07
    ],
    "p2_coeffs": [
        -1.0,
        0.0,
        0.06942148760330479,
        0.0,
        -0.0009562188375109235,
        0.0,
        7.90263502075492e-06,
        -3.2842119566770106e-07
    ]
}