{
    "p1_coeffs": [
        0.5,
        0.0,
        0.0,
        0.0,
        -0.19910012977255737,
        0.050810426510856974,
        -0.004295965535479738,
        0.00012028528922951443
    ],
    "p2_coeffs": [
        2.0,
        0.0,
        -4.90500000000002,
        0.0,
        0.40178608018577944,
        -0.07292162110139022,
        0.004966001735192858,
        -0.00012028528922951404
    ]
}