{
    "p1_coeffs": [
        0.5,
        1.2043699371133699e-15,
        -9.379164112033323e-16,
        -0.8609999999999994,
        0.3563999999999999,
        -0.036359999999999996
    ],
    "p2_coeffs": [
        2.0,
        1.942175587021922e-15,
        -4.905,
        2.8229999999999995,
        -0.5526,
        0.03636
    ]
}